SalesOrderNumber,SalesOrderLineNumber,OrderDate,ProductKey,CustomerKey,OrderQuantity,UnitPrice,SalesAmount,TaxAmt,Freight
SO00001,1,2023-08-08,41,193,3,1608,4824,385.92,40
SO00002,1,2023-08-10,2,93,3,1999,5997,479.76,48
SO00003,1,2023-12-08,2,104,3,1614,4842,387.36,33
SO00004,1,2023-11-26,15,171,3,1289,3867,309.36,21
SO00005,1,2023-12-10,19,64,2,1473,2946,235.68,44
SO00006,1,2023-03-01,24,70,2,1277,2554,204.32,47
SO00007,1,2023-01-03,10,137,3,1560,4680,374.40000000000003,37
SO00008,1,2023-03-05,2,61,1,1806,1806,144.48,40
SO00009,1,2023-07-19,33,75,3,1361,4083,326.64,30
SO00010,1,2023-03-09,22,159,1,1652,1652,132.16,16
SO00011,1,2023-03-16,43,27,2,1857,3714,297.12,28
SO00012,1,2023-03-28,40,56,3,980,2940,235.20000000000002,44
SO00013,1,2023-03-11,39,65,2,1170,2340,187.20000000000002,36
SO00014,1,2023-10-31,29,84,2,1786,3572,285.76,46
SO00015,1,2023-02-12,37,194,2,1435,2870,229.6,40
SO00016,1,2023-11-19,26,153,1,1981,1981,158.48,20
SO00017,1,2023-06-05,6,47,3,1956,5868,469.44,41
SO00018,1,2023-01-07,26,95,2,1485,2970,237.6,35
SO00019,1,2023-02-14,24,41,3,694,2082,166.56,29
SO00020,1,2023-08-25,17,32,3,810,2430,194.4,35
SO00021,1,2023-01-27,6,44,2,1218,2436,194.88,14
SO00022,1,2023-05-03,33,31,3,1330,3990,319.2,12
SO00023,1,2023-11-25,30,66,1,1933,1933,154.64000000000001,13
SO00024,1,2023-09-30,35,6,3,1028,3084,246.72,11
SO00025,1,2023-11-22,20,135,3,619,1857,148.56,37
SO00026,1,2023-06-18,4,15,1,1764,1764,141.12,14
SO00027,1,2023-06-25,5,45,3,1836,5508,440.64,15
SO00028,1,2023-09-01,7,182,3,851,2553,204.24,50
SO00029,1,2023-01-19,15,71,3,690,2070,165.6,12
SO00030,1,2023-03-08,21,108,1,903,903,72.24,12
SO00031,1,2023-03-27,42,144,1,1608,1608,128.64000000000001,47
SO00032,1,2023-12-29,36,143,2,1604,3208,256.64,50
SO00033,1,2023-05-23,49,9,1,1975,1975,158.0,13
SO00034,1,2023-10-15,10,137,2,1653,3306,264.48,32
SO00035,1,2023-12-20,10,176,1,1151,1151,92.08,43
SO00036,1,2023-12-22,44,126,1,1754,1754,140.32,43
SO00037,1,2023-02-07,10,74,1,1615,1615,129.2,50
SO00038,1,2023-06-10,18,6,3,769,2307,184.56,49
SO00039,1,2023-12-14,13,66,2,1941,3882,310.56,44
SO00040,1,2023-03-11,12,139,1,808,808,64.64,24
SO00041,1,2023-06-23,20,150,1,1797,1797,143.76,28
SO00042,1,2023-11-28,28,133,2,986,1972,157.76,20
SO00043,1,2023-01-03,8,48,2,1490,2980,238.4,28
SO00044,1,2023-02-11,46,112,3,1097,3291,263.28000000000003,27
SO00045,1,2023-08-31,49,182,1,1693,1693,135.44,45
SO00046,1,2023-05-27,5,97,1,1640,1640,131.2,34
SO00047,1,2023-12-03,33,136,3,1209,3627,290.16,50
SO00048,1,2023-02-18,23,60,3,1071,3213,257.04,38
SO00049,1,2023-11-22,23,182,3,861,2583,206.64000000000001,15
SO00050,1,2023-03-30,28,52,3,1301,3903,312.24,33
SO00051,1,2023-09-21,39,181,3,1980,5940,475.2,47
SO00052,1,2023-01-31,43,129,1,1856,1856,148.48,37
SO00053,1,2023-09-12,35,16,2,626,1252,100.16,29
SO00054,1,2023-06-23,41,24,1,829,829,66.32000000000001,49
SO00055,1,2023-07-24,29,178,3,686,2058,164.64000000000001,30
SO00056,1,2023-12-01,49,33,1,659,659,52.72,18
SO00057,1,2023-07-31,19,71,2,1541,3082,246.56,29
SO00058,1,2023-09-13,25,12,2,817,1634,130.72,43
SO00059,1,2023-07-31,28,173,2,592,1184,94.72,26
SO00060,1,2023-10-17,46,200,1,1074,1074,85.92,26
SO00061,1,2023-05-11,23,134,2,616,1232,98.56,14
SO00062,1,2023-07-10,6,83,2,1092,2184,174.72,32
SO00063,1,2023-10-06,2,44,3,1437,4311,344.88,33
SO00064,1,2023-07-16,15,49,3,1292,3876,310.08,22
SO00065,1,2023-07-04,48,148,2,1794,3588,287.04,19
SO00066,1,2023-06-11,1,147,3,1201,3603,288.24,25
SO00067,1,2023-09-05,45,10,2,1059,2118,169.44,33
SO00068,1,2023-01-25,6,156,1,518,518,41.44,33
SO00069,1,2023-01-26,2,156,3,814,2442,195.36,46
SO00070,1,2023-04-16,13,113,1,1748,1748,139.84,15
SO00071,1,2023-04-24,48,88,3,1006,3018,241.44,40
SO00072,1,2023-08-18,32,75,3,1679,5037,402.96000000000004,45
SO00073,1,2023-01-02,25,146,1,860,860,68.8,31
SO00074,1,2023-12-28,49,84,2,1846,3692,295.36,44
SO00075,1,2023-08-07,46,8,2,675,1350,108.0,50
SO00076,1,2023-01-04,15,126,2,881,1762,140.96,23
SO00077,1,2023-12-16,33,111,2,517,1034,82.72,21
SO00078,1,2023-02-10,9,78,2,1506,3012,240.96,28
SO00079,1,2023-11-22,34,28,1,1172,1172,93.76,43
SO00080,1,2023-05-26,15,175,1,549,549,43.92,48
SO00081,1,2023-10-21,36,10,2,1589,3178,254.24,44
SO00082,1,2023-09-14,44,145,1,1845,1845,147.6,11
SO00083,1,2023-07-04,9,33,1,1139,1139,91.12,19
SO00084,1,2023-02-22,6,162,1,1949,1949,155.92000000000002,36
SO00085,1,2023-07-11,12,165,1,1324,1324,105.92,45
SO00086,1,2023-11-11,25,120,2,862,1724,137.92000000000002,38
SO00087,1,2023-03-08,45,109,3,535,1605,128.4,19
SO00088,1,2023-02-03,22,196,1,1762,1762,140.96,18
SO00089,1,2023-01-15,47,133,3,858,2574,205.92000000000002,35
SO00090,1,2023-12-29,44,169,1,1238,1238,99.04,34
SO00091,1,2023-07-30,32,82,2,1984,3968,317.44,43
SO00092,1,2023-12-01,38,110,2,736,1472,117.76,34
SO00093,1,2023-04-02,30,60,3,896,2688,215.04,15
SO00094,1,2023-11-09,21,94,3,1494,4482,358.56,34
SO00095,1,2023-10-09,4,111,3,1366,4098,327.84000000000003,24
SO00096,1,2023-11-30,30,192,1,1341,1341,107.28,14
SO00097,1,2023-02-21,43,162,1,1019,1019,81.52,31
SO00098,1,2023-12-24,4,181,2,1145,2290,183.20000000000002,14
SO00099,1,2023-08-14,30,79,3,578,1734,138.72,30
SO00100,1,2023-05-28,7,18,2,1943,3886,310.88,35
SO00101,1,2023-09-07,29,149,3,1765,5295,423.6,14
SO00102,1,2023-09-27,43,44,3,1065,3195,255.6,46
SO00103,1,2023-07-05,12,176,2,1534,3068,245.44,32
SO00104,1,2023-04-23,12,88,2,662,1324,105.92,35
SO00105,1,2023-05-17,7,1,1,560,560,44.800000000000004,24
SO00106,1,2023-02-11,49,46,2,1138,2276,182.08,30
SO00107,1,2023-03-22,29,49,1,1532,1532,122.56,45
SO00108,1,2023-06-14,24,46,3,1371,4113,329.04,40
SO00109,1,2023-09-28,28,189,3,763,2289,183.12,12
SO00110,1,2023-10-25,43,178,1,851,851,68.08,42
SO00111,1,2023-12-11,2,172,2,1619,3238,259.04,21
SO00112,1,2023-08-03,24,69,2,524,1048,83.84,37
SO00113,1,2023-12-20,44,136,3,796,2388,191.04,40
SO00114,1,2023-07-29,39,41,2,1148,2296,183.68,24
SO00115,1,2023-12-26,27,144,3,1515,4545,363.6,30
SO00116,1,2023-10-17,13,68,1,1688,1688,135.04,32
SO00117,1,2023-10-15,36,187,2,1722,3444,275.52,42
SO00118,1,2023-07-01,2,71,2,1237,2474,197.92000000000002,50
SO00119,1,2023-05-05,33,152,2,1273,2546,203.68,27
SO00120,1,2023-12-14,46,141,3,1448,4344,347.52,17
SO00121,1,2023-06-06,13,72,1,1292,1292,103.36,23
SO00122,1,2023-01-09,22,75,2,1528,3056,244.48000000000002,13
SO00123,1,2023-02-12,29,50,3,659,1977,158.16,42
SO00124,1,2023-04-10,17,188,3,541,1623,129.84,10
SO00125,1,2023-06-01,34,38,1,1475,1475,118.0,29
SO00126,1,2023-04-12,18,84,2,507,1014,81.12,42
SO00127,1,2023-02-21,14,161,2,806,1612,128.96,20
SO00128,1,2023-09-09,22,39,1,1740,1740,139.20000000000002,15
SO00129,1,2023-10-02,49,88,1,1969,1969,157.52,27
SO00130,1,2023-12-24,50,65,3,843,2529,202.32,38
SO00131,1,2023-06-27,13,121,3,1081,3243,259.44,20
SO00132,1,2023-04-11,31,91,3,1496,4488,359.04,21
SO00133,1,2023-03-30,30,17,3,1664,4992,399.36,27
SO00134,1,2023-11-29,48,145,1,1199,1199,95.92,45
SO00135,1,2023-06-19,17,194,2,1249,2498,199.84,43
SO00136,1,2023-05-29,7,185,2,517,1034,82.72,44
SO00137,1,2023-04-03,20,157,1,625,625,50.0,26
SO00138,1,2023-12-06,26,65,2,1654,3308,264.64,47
SO00139,1,2023-08-18,1,120,3,1092,3276,262.08,22
SO00140,1,2023-05-29,19,144,1,1646,1646,131.68,10
SO00141,1,2023-10-21,26,32,1,1125,1125,90.0,25
SO00142,1,2023-06-27,45,39,2,846,1692,135.36,40
SO00143,1,2023-05-11,21,126,3,836,2508,200.64000000000001,27
SO00144,1,2023-07-28,41,68,3,514,1542,123.36,23
SO00145,1,2023-05-10,19,37,2,881,1762,140.96,39
SO00146,1,2023-08-12,9,11,1,562,562,44.96,37
SO00147,1,2023-08-20,3,96,2,645,1290,103.2,38
SO00148,1,2023-11-16,31,147,3,1964,5892,471.36,18
SO00149,1,2023-05-21,36,40,1,1285,1285,102.8,20
SO00150,1,2023-02-25,10,45,3,1807,5421,433.68,46
SO00151,1,2023-05-01,15,119,2,1219,2438,195.04,23
SO00152,1,2023-04-28,30,99,2,774,1548,123.84,37
SO00153,1,2023-03-17,39,88,3,1644,4932,394.56,27
SO00154,1,2023-12-21,4,45,2,1210,2420,193.6,14
SO00155,1,2023-08-29,11,37,3,1962,5886,470.88,39
SO00156,1,2023-05-06,36,145,3,1161,3483,278.64,13
SO00157,1,2023-08-10,38,104,3,1637,4911,392.88,37
SO00158,1,2023-02-12,12,87,2,1583,3166,253.28,27
SO00159,1,2023-10-19,18,11,2,514,1028,82.24,11
SO00160,1,2023-08-24,22,4,3,1076,3228,258.24,15
SO00161,1,2023-07-11,14,140,2,596,1192,95.36,28
SO00162,1,2023-07-09,14,127,3,1042,3126,250.08,42
SO00163,1,2023-11-06,44,70,3,1788,5364,429.12,35
SO00164,1,2023-05-07,39,102,1,1901,1901,152.08,48
SO00165,1,2023-05-31,42,15,2,952,1904,152.32,14
SO00166,1,2023-03-08,21,153,3,1761,5283,422.64,48
SO00167,1,2023-07-21,26,123,2,761,1522,121.76,35
SO00168,1,2023-09-03,24,83,1,1342,1342,107.36,49
SO00169,1,2023-08-12,39,42,3,1778,5334,426.72,40
SO00170,1,2023-10-31,31,176,2,686,1372,109.76,38
SO00171,1,2023-11-17,41,31,3,1472,4416,353.28000000000003,27
SO00172,1,2023-08-04,29,137,1,1092,1092,87.36,30
SO00173,1,2023-12-22,19,98,3,1176,3528,282.24,11
SO00174,1,2023-03-21,23,141,1,1298,1298,103.84,38
SO00175,1,2023-11-04,36,180,3,658,1974,157.92000000000002,45
SO00176,1,2023-07-17,34,13,1,517,517,41.36,43
SO00177,1,2023-05-22,37,47,2,1588,3176,254.08,49
SO00178,1,2023-10-19,28,55,1,1513,1513,121.04,28
SO00179,1,2023-09-08,45,101,2,1886,3772,301.76,15
SO00180,1,2023-08-02,18,145,1,1957,1957,156.56,35
SO00181,1,2023-04-04,2,91,3,1346,4038,323.04,33
SO00182,1,2023-05-28,11,18,3,1444,4332,346.56,44
SO00183,1,2023-12-09,33,168,2,972,1944,155.52,26
SO00184,1,2023-11-14,5,153,1,1331,1331,106.48,40
SO00185,1,2023-05-10,31,109,1,1644,1644,131.52,25
SO00186,1,2023-06-09,50,173,3,1708,5124,409.92,36
SO00187,1,2023-05-27,11,178,2,1550,3100,248.0,26
SO00188,1,2023-09-09,40,186,3,529,1587,126.96000000000001,10
SO00189,1,2023-04-17,15,86,1,705,705,56.4,19
SO00190,1,2023-02-07,50,51,1,839,839,67.12,45
SO00191,1,2023-01-27,4,97,2,1916,3832,306.56,46
SO00192,1,2023-11-19,30,49,3,1266,3798,303.84000000000003,15
SO00193,1,2023-07-16,48,157,3,635,1905,152.4,21
SO00194,1,2023-03-14,8,86,2,1463,2926,234.08,50
SO00195,1,2023-10-29,34,16,2,1932,3864,309.12,32
SO00196,1,2023-03-08,22,57,2,1503,3006,240.48000000000002,17
SO00197,1,2023-06-03,37,29,3,731,2193,175.44,31
SO00198,1,2023-06-08,10,110,3,581,1743,139.44,26
SO00199,1,2023-10-18,37,56,2,677,1354,108.32000000000001,15
SO00200,1,2023-03-16,33,15,1,1718,1718,137.44,12
SO00201,1,2023-01-21,21,109,2,618,1236,98.88,24
SO00202,1,2023-01-17,32,169,2,1292,2584,206.72,26
SO00203,1,2023-05-30,19,47,1,744,744,59.52,49
SO00204,1,2023-08-14,15,102,1,1933,1933,154.64000000000001,24
SO00205,1,2023-09-21,16,191,3,813,2439,195.12,44
SO00206,1,2023-03-12,36,11,3,1793,5379,430.32,49
SO00207,1,2023-07-01,2,51,3,1237,3711,296.88,16
SO00208,1,2023-01-11,12,81,2,1503,3006,240.48000000000002,31
SO00209,1,2023-03-17,27,40,2,615,1230,98.4,49
SO00210,1,2023-04-29,40,28,3,1698,5094,407.52,49
SO00211,1,2023-04-19,17,167,2,665,1330,106.4,16
SO00212,1,2023-11-24,27,122,3,1954,5862,468.96000000000004,38
SO00213,1,2023-12-22,4,180,3,1797,5391,431.28000000000003,46
SO00214,1,2023-04-16,48,127,2,1680,3360,268.8,41
SO00215,1,2023-10-24,19,81,3,1455,4365,349.2,19
SO00216,1,2023-06-04,22,124,2,1472,2944,235.52,28
SO00217,1,2023-12-04,28,177,2,1678,3356,268.48,31
SO00218,1,2023-05-11,16,166,2,894,1788,143.04,48
SO00219,1,2023-03-05,37,4,1,574,574,45.92,30
SO00220,1,2023-08-02,19,120,2,1478,2956,236.48000000000002,23
SO00221,1,2023-11-10,5,196,2,560,1120,89.60000000000001,13
SO00222,1,2023-08-02,24,130,1,1518,1518,121.44,48
SO00223,1,2023-10-26,7,60,1,777,777,62.160000000000004,26
SO00224,1,2023-01-24,21,116,2,616,1232,98.56,28
SO00225,1,2023-02-23,50,83,1,1978,1978,158.24,49
SO00226,1,2023-07-01,10,33,2,1150,2300,184.0,50
SO00227,1,2023-12-09,14,41,3,1451,4353,348.24,42
SO00228,1,2023-01-01,47,63,1,1555,1555,124.4,26
SO00229,1,2023-10-26,30,58,3,1781,5343,427.44,30
SO00230,1,2023-09-05,43,34,2,634,1268,101.44,32
SO00231,1,2023-12-08,31,44,3,1678,5034,402.72,27
SO00232,1,2023-08-26,16,104,3,1688,5064,405.12,46
SO00233,1,2023-10-14,20,110,2,1716,3432,274.56,45
SO00234,1,2023-04-06,5,26,3,1629,4887,390.96000000000004,50
SO00235,1,2023-04-26,25,97,1,837,837,66.96000000000001,10
SO00236,1,2023-04-19,3,74,1,1387,1387,110.96000000000001,12
SO00237,1,2023-09-07,25,68,3,1817,5451,436.08,21
SO00238,1,2023-09-07,43,176,3,1787,5361,428.88,29
SO00239,1,2023-08-02,40,44,1,1051,1051,84.08,22
SO00240,1,2023-12-18,49,93,2,979,1958,156.64000000000001,32
SO00241,1,2023-11-24,28,143,2,829,1658,132.64000000000001,14
SO00242,1,2023-05-26,9,118,3,684,2052,164.16,50
SO00243,1,2023-04-27,31,112,2,1877,3754,300.32,16
SO00244,1,2023-06-22,31,148,2,886,1772,141.76,13
SO00245,1,2023-09-19,6,117,2,1410,2820,225.6,17
SO00246,1,2023-02-05,9,19,3,1391,4173,333.84000000000003,20
SO00247,1,2023-10-26,29,150,3,1000,3000,240.0,31
SO00248,1,2023-12-23,16,155,1,567,567,45.36,27
SO00249,1,2023-04-26,27,40,3,1953,5859,468.72,26
SO00250,1,2023-10-11,5,82,2,1896,3792,303.36,20
SO00251,1,2023-05-30,39,177,3,1152,3456,276.48,14
SO00252,1,2023-03-05,46,86,3,790,2370,189.6,28
SO00253,1,2023-06-27,42,132,3,1708,5124,409.92,42
SO00254,1,2023-01-08,3,52,1,1957,1957,156.56,14
SO00255,1,2023-02-10,10,179,3,530,1590,127.2,17
SO00256,1,2023-11-15,40,75,2,708,1416,113.28,16
SO00257,1,2023-06-06,36,136,1,782,782,62.56,25
SO00258,1,2023-06-27,50,19,2,1483,2966,237.28,38
SO00259,1,2023-06-08,27,53,1,688,688,55.04,22
SO00260,1,2023-05-14,5,49,1,650,650,52.0,12
SO00261,1,2023-01-19,28,6,2,554,1108,88.64,47
SO00262,1,2023-09-18,32,172,2,620,1240,99.2,15
SO00263,1,2023-06-07,32,115,3,1960,5880,470.40000000000003,20
SO00264,1,2023-11-08,13,46,2,1406,2812,224.96,46
SO00265,1,2023-04-23,2,82,3,978,2934,234.72,27
SO00266,1,2023-02-08,13,80,2,613,1226,98.08,15
SO00267,1,2023-01-18,2,112,3,1721,5163,413.04,13
SO00268,1,2023-04-05,23,19,3,792,2376,190.08,19
SO00269,1,2023-07-13,17,106,1,1781,1781,142.48,41
SO00270,1,2023-05-08,50,81,1,1308,1308,104.64,41
SO00271,1,2023-09-26,16,41,1,1372,1372,109.76,16
SO00272,1,2023-02-10,15,189,3,1952,5856,468.48,11
SO00273,1,2023-05-10,14,149,2,1859,3718,297.44,40
SO00274,1,2023-10-19,3,121,3,1014,3042,243.36,33
SO00275,1,2023-06-30,28,157,3,1616,4848,387.84000000000003,27
SO00276,1,2023-02-25,1,17,1,671,671,53.68,45
SO00277,1,2023-09-20,31,45,1,1156,1156,92.48,41
SO00278,1,2023-01-23,5,123,2,1122,2244,179.52,38
SO00279,1,2023-07-11,1,14,2,1952,3904,312.32,39
SO00280,1,2023-01-31,23,128,2,1303,2606,208.48000000000002,15
SO00281,1,2023-03-29,49,11,1,1394,1394,111.52,12
SO00282,1,2023-12-27,46,146,3,584,1752,140.16,27
SO00283,1,2023-02-13,23,29,3,732,2196,175.68,21
SO00284,1,2023-03-15,1,96,1,885,885,70.8,28
SO00285,1,2023-04-30,11,117,1,1738,1738,139.04,11
SO00286,1,2023-02-03,17,98,3,1864,5592,447.36,40
SO00287,1,2023-02-12,49,172,2,748,1496,119.68,36
SO00288,1,2023-09-05,32,172,2,1625,3250,260.0,13
SO00289,1,2023-02-25,47,59,2,657,1314,105.12,16
SO00290,1,2023-02-09,23,184,1,1828,1828,146.24,18
SO00291,1,2023-06-04,31,30,3,1815,5445,435.6,42
SO00292,1,2023-03-12,31,193,3,604,1812,144.96,21
SO00293,1,2023-11-15,19,171,2,1510,3020,241.6,27
SO00294,1,2023-01-19,45,18,2,1857,3714,297.12,48
SO00295,1,2023-01-08,19,75,3,1481,4443,355.44,26
SO00296,1,2023-10-28,12,150,1,700,700,56.0,37
SO00297,1,2023-03-03,9,103,3,1560,4680,374.40000000000003,18
SO00298,1,2023-10-13,14,30,2,1513,3026,242.08,45
SO00299,1,2023-01-22,1,135,2,1850,3700,296.0,38
SO00300,1,2023-06-11,46,84,3,1876,5628,450.24,39
SO00301,1,2023-12-03,43,62,2,801,1602,128.16,17
SO00302,1,2023-06-08,27,118,3,630,1890,151.20000000000002,27
SO00303,1,2023-11-25,49,59,2,1870,3740,299.2,37
SO00304,1,2023-03-24,12,191,3,576,1728,138.24,49
SO00305,1,2023-04-07,49,136,1,684,684,54.72,28
SO00306,1,2023-04-11,39,44,2,1665,3330,266.4,40
SO00307,1,2023-12-26,40,187,2,720,1440,115.2,34
SO00308,1,2023-11-11,35,87,2,1041,2082,166.56,41
SO00309,1,2023-08-01,24,15,3,1499,4497,359.76,50
SO00310,1,2023-11-30,14,14,1,1947,1947,155.76,47
SO00311,1,2023-04-27,8,157,1,1272,1272,101.76,14
SO00312,1,2023-05-17,42,147,1,1522,1522,121.76,10
SO00313,1,2023-03-05,3,139,1,940,940,75.2,24
SO00314,1,2023-05-01,41,106,3,1362,4086,326.88,24
SO00315,1,2023-03-16,14,6,1,813,813,65.04,16
SO00316,1,2023-09-25,40,153,2,585,1170,93.60000000000001,31
SO00317,1,2023-06-15,8,49,2,728,1456,116.48,26
SO00318,1,2023-06-09,41,58,3,1413,4239,339.12,20
SO00319,1,2023-09-20,44,52,1,1827,1827,146.16,40
SO00320,1,2023-07-10,35,95,3,1127,3381,270.48,26
SO00321,1,2023-10-09,42,178,2,1840,3680,294.40000000000003,19
SO00322,1,2023-04-12,28,144,1,1590,1590,127.2,49
SO00323,1,2023-05-30,14,132,1,1319,1319,105.52,43
SO00324,1,2023-08-26,31,176,3,551,1653,132.24,50
SO00325,1,2023-06-22,4,28,3,948,2844,227.52,31
SO00326,1,2023-04-27,17,90,1,1675,1675,134.0,21
SO00327,1,2023-03-12,25,182,1,1318,1318,105.44,38
SO00328,1,2023-11-04,16,83,1,707,707,56.56,16
SO00329,1,2023-08-27,39,45,3,1493,4479,358.32,47
SO00330,1,2023-08-04,1,52,3,566,1698,135.84,49
SO00331,1,2023-07-20,46,46,2,917,1834,146.72,13
SO00332,1,2023-03-28,8,88,1,1283,1283,102.64,42
SO00333,1,2023-09-25,47,60,3,946,2838,227.04,35
SO00334,1,2023-08-04,11,102,1,1337,1337,106.96000000000001,27
SO00335,1,2023-06-27,45,14,3,1821,5463,437.04,16
SO00336,1,2023-12-27,5,8,3,1475,4425,354.0,43
SO00337,1,2023-08-18,39,13,3,1589,4767,381.36,14
SO00338,1,2023-12-08,39,33,3,1887,5661,452.88,46
SO00339,1,2023-01-25,19,133,1,711,711,56.88,42
SO00340,1,2023-10-09,32,104,2,1225,2450,196.0,25
SO00341,1,2023-01-21,5,60,1,999,999,79.92,14
SO00342,1,2023-12-21,45,134,1,1768,1768,141.44,34
SO00343,1,2024-01-01,33,147,2,556,1112,88.96000000000001,45
SO00344,1,2023-01-09,11,64,1,1335,1335,106.8,46
SO00345,1,2023-12-09,19,80,2,1498,2996,239.68,21
SO00346,1,2023-02-24,16,115,3,1005,3015,241.20000000000002,50
SO00347,1,2023-02-06,28,161,3,1950,5850,468.0,42
SO00348,1,2023-10-18,13,139,1,907,907,72.56,39
SO00349,1,2023-10-09,38,180,1,1602,1602,128.16,13
SO00350,1,2023-09-06,38,144,3,1924,5772,461.76,39
SO00351,1,2023-11-05,13,5,1,954,954,76.32000000000001,47
SO00352,1,2023-12-15,33,72,2,1100,2200,176.0,28
SO00353,1,2023-12-12,14,5,2,1916,3832,306.56,32
SO00354,1,2023-09-19,39,134,2,1384,2768,221.44,19
SO00355,1,2023-10-09,4,139,3,916,2748,219.84,20
SO00356,1,2023-02-26,43,187,1,1633,1633,130.64000000000001,33
SO00357,1,2023-08-17,33,65,1,1299,1299,103.92,46
SO00358,1,2023-01-13,31,40,1,1478,1478,118.24000000000001,47
SO00359,1,2023-08-27,23,175,1,950,950,76.0,22
SO00360,1,2023-03-15,16,153,2,1837,3674,293.92,23
SO00361,1,2023-12-05,15,100,3,1474,4422,353.76,47
SO00362,1,2023-02-07,8,3,3,714,2142,171.36,41
SO00363,1,2023-02-13,28,87,1,675,675,54.0,29
SO00364,1,2023-01-22,9,176,3,1267,3801,304.08,26
SO00365,1,2023-06-14,23,84,1,950,950,76.0,43
SO00366,1,2023-07-24,3,150,1,1412,1412,112.96000000000001,14
SO00367,1,2023-08-23,24,66,1,1583,1583,126.64,10
SO00368,1,2023-03-24,47,61,2,1980,3960,316.8,22
SO00369,1,2023-07-20,7,92,3,916,2748,219.84,30
SO00370,1,2023-09-30,17,58,3,1747,5241,419.28000000000003,43
SO00371,1,2023-03-06,45,92,2,1050,2100,168.0,46
SO00372,1,2023-09-28,48,76,3,652,1956,156.48,32
SO00373,1,2023-04-22,34,18,3,1818,5454,436.32,23
SO00374,1,2023-01-19,28,174,3,1002,3006,240.48000000000002,31
SO00375,1,2023-04-05,34,32,2,1728,3456,276.48,38
SO00376,1,2023-01-08,30,24,3,828,2484,198.72,17
SO00377,1,2023-08-01,7,41,1,1247,1247,99.76,48
SO00378,1,2023-08-25,19,13,2,1733,3466,277.28000000000003,19
SO00379,1,2023-11-22,28,191,1,1317,1317,105.36,34
SO00380,1,2023-04-22,11,12,3,1152,3456,276.48,40
SO00381,1,2023-02-24,40,176,1,1722,1722,137.76,31
SO00382,1,2023-06-03,20,79,3,1758,5274,421.92,43
SO00383,1,2023-06-24,35,116,1,1358,1358,108.64,15
SO00384,1,2023-10-12,40,71,2,1524,3048,243.84,49
SO00385,1,2023-05-25,29,57,1,1712,1712,136.96,18
SO00386,1,2023-02-22,6,22,3,1028,3084,246.72,18
SO00387,1,2023-04-30,29,187,1,1003,1003,80.24,47
SO00388,1,2023-03-28,32,185,3,740,2220,177.6,38
SO00389,1,2023-09-14,7,108,2,1287,2574,205.92000000000002,33
SO00390,1,2023-01-13,28,198,1,606,606,48.480000000000004,10
SO00391,1,2023-05-27,33,96,1,1422,1422,113.76,23
SO00392,1,2023-11-15,47,114,2,1925,3850,308.0,39
SO00393,1,2023-01-18,36,8,1,892,892,71.36,21
SO00394,1,2023-02-24,16,36,1,877,877,70.16,25
SO00395,1,2023-06-09,5,58,2,1372,2744,219.52,16
SO00396,1,2023-06-14,19,175,2,575,1150,92.0,41
SO00397,1,2023-09-01,34,151,2,1242,2484,198.72,35
SO00398,1,2023-09-15,34,37,2,1179,2358,188.64000000000001,33
SO00399,1,2023-04-20,35,104,2,1991,3982,318.56,10
SO00400,1,2023-03-24,45,73,2,1089,2178,174.24,11
SO00401,1,2023-05-01,27,150,1,1916,1916,153.28,40
SO00402,1,2023-11-01,45,49,1,772,772,61.76,21
SO00403,1,2023-03-06,20,62,1,1440,1440,115.2,33
SO00404,1,2023-07-06,34,192,3,1331,3993,319.44,43
SO00405,1,2023-05-21,36,16,3,837,2511,200.88,11
SO00406,1,2023-06-20,14,166,1,546,546,43.68,42
SO00407,1,2023-03-26,42,65,2,502,1004,80.32000000000001,43
SO00408,1,2023-05-23,46,101,3,1549,4647,371.76,16
SO00409,1,2023-03-03,43,65,2,1326,2652,212.16,37
SO00410,1,2023-09-23,28,17,1,777,777,62.160000000000004,31
SO00411,1,2023-10-04,47,56,1,833,833,66.64,38
SO00412,1,2023-03-16,39,183,3,1153,3459,276.72,17
SO00413,1,2023-06-03,42,67,3,1618,4854,388.32,20
SO00414,1,2023-03-14,28,25,1,860,860,68.8,36
SO00415,1,2023-05-09,33,186,3,1801,5403,432.24,42
SO00416,1,2023-11-01,6,61,1,1826,1826,146.08,17
SO00417,1,2023-11-16,28,151,3,1577,4731,378.48,41
SO00418,1,2023-12-28,21,48,1,1160,1160,92.8,29
SO00419,1,2023-01-08,19,109,2,1819,3638,291.04,16
SO00420,1,2023-02-05,34,169,2,886,1772,141.76,26
SO00421,1,2023-01-15,48,72,1,1249,1249,99.92,23
SO00422,1,2023-07-12,16,83,2,1192,2384,190.72,15
SO00423,1,2023-09-14,36,34,3,1959,5877,470.16,38
SO00424,1,2023-07-31,2,128,2,1938,3876,310.08,27
SO00425,1,2023-02-06,19,162,1,1165,1165,93.2,16
SO00426,1,2023-09-19,31,49,3,1215,3645,291.6,40
SO00427,1,2023-02-08,38,94,2,893,1786,142.88,50
SO00428,1,2023-02-19,10,170,3,1864,5592,447.36,31
SO00429,1,2023-01-17,36,35,3,661,1983,158.64000000000001,27
SO00430,1,2023-03-13,12,97,3,1117,3351,268.08,49
SO00431,1,2023-05-10,41,84,2,1279,2558,204.64000000000001,22
SO00432,1,2023-08-22,27,169,3,1810,5430,434.40000000000003,23
SO00433,1,2023-03-25,1,95,2,505,1010,80.8,36
SO00434,1,2023-06-05,20,176,3,1165,3495,279.6,45
SO00435,1,2023-07-06,42,167,1,617,617,49.36,16
SO00436,1,2023-01-11,3,48,2,1303,2606,208.48000000000002,49
SO00437,1,2023-08-25,1,53,3,1332,3996,319.68,40
SO00438,1,2023-11-29,32,58,3,578,1734,138.72,11
SO00439,1,2023-01-06,2,124,3,1077,3231,258.48,45
SO00440,1,2023-09-17,7,175,3,1572,4716,377.28000000000003,24
SO00441,1,2023-09-11,12,112,3,1773,5319,425.52,42
SO00442,1,2023-09-20,48,125,2,813,1626,130.08,47
SO00443,1,2023-04-04,22,134,1,1231,1231,98.48,31
SO00444,1,2023-03-30,23,84,2,878,1756,140.48,45
SO00445,1,2023-08-18,50,47,1,750,750,60.0,20
SO00446,1,2023-03-15,22,98,3,854,2562,204.96,43
SO00447,1,2023-04-01,31,140,1,912,912,72.96000000000001,30
SO00448,1,2023-01-06,25,123,3,780,2340,187.20000000000002,20
SO00449,1,2023-04-04,14,14,2,541,1082,86.56,37
SO00450,1,2023-12-03,26,58,2,1077,2154,172.32,41
SO00451,1,2023-02-16,2,31,3,1198,3594,287.52,40
SO00452,1,2023-12-26,37,11,1,691,691,55.28,36
SO00453,1,2023-05-16,14,147,1,837,837,66.96000000000001,11
SO00454,1,2023-11-16,27,172,2,1949,3898,311.84000000000003,32
SO00455,1,2023-07-16,5,88,1,1705,1705,136.4,22
SO00456,1,2023-02-26,17,44,3,1720,5160,412.8,44
SO00457,1,2023-07-12,18,143,1,629,629,50.32,41
SO00458,1,2023-06-24,12,70,1,1508,1508,120.64,21
SO00459,1,2023-11-14,33,33,2,1686,3372,269.76,30
SO00460,1,2023-02-09,26,136,1,1690,1690,135.2,31
SO00461,1,2023-04-24,16,163,2,1612,3224,257.92,50
SO00462,1,2023-08-31,33,135,1,887,887,70.96000000000001,23
SO00463,1,2023-04-05,3,10,1,1086,1086,86.88,13
SO00464,1,2023-11-16,34,35,3,752,2256,180.48,30
SO00465,1,2023-06-29,32,143,1,980,980,78.4,21
SO00466,1,2023-01-05,1,102,1,734,734,58.72,11
SO00467,1,2023-05-18,7,118,3,733,2199,175.92000000000002,21
SO00468,1,2023-01-10,12,142,3,1467,4401,352.08,31
SO00469,1,2023-11-09,30,112,2,1890,3780,302.40000000000003,20
SO00470,1,2023-05-03,29,15,2,1021,2042,163.36,42
SO00471,1,2023-11-11,20,181,2,1573,3146,251.68,13
SO00472,1,2023-03-22,3,152,3,1635,4905,392.40000000000003,48
SO00473,1,2023-09-19,39,70,1,1993,1993,159.44,42
SO00474,1,2023-11-04,30,196,2,869,1738,139.04,44
SO00475,1,2023-05-11,15,125,3,773,2319,185.52,15
SO00476,1,2023-07-18,39,46,2,1776,3552,284.16,35
SO00477,1,2023-03-20,48,117,2,1768,3536,282.88,10
SO00478,1,2023-03-13,29,121,2,596,1192,95.36,37
SO00479,1,2023-08-31,43,200,1,1336,1336,106.88,23
SO00480,1,2023-02-07,32,135,2,1259,2518,201.44,37
SO00481,1,2023-06-15,48,77,3,1842,5526,442.08,35
SO00482,1,2023-08-29,26,188,2,1296,2592,207.36,37
SO00483,1,2023-08-02,42,195,1,1248,1248,99.84,40
SO00484,1,2023-09-20,41,121,2,1143,2286,182.88,26
SO00485,1,2023-10-01,3,106,3,1989,5967,477.36,33
SO00486,1,2023-06-28,1,172,3,1880,5640,451.2,25
SO00487,1,2023-07-06,4,37,3,865,2595,207.6,17
SO00488,1,2023-04-24,13,195,1,1398,1398,111.84,31
SO00489,1,2023-10-12,21,137,2,1824,3648,291.84000000000003,48
SO00490,1,2023-10-09,49,59,3,682,2046,163.68,40
SO00491,1,2023-09-19,32,112,2,1290,2580,206.4,33
SO00492,1,2023-11-27,11,54,1,700,700,56.0,50
SO00493,1,2023-08-15,21,150,1,1575,1575,126.0,25
SO00494,1,2023-10-19,4,71,3,1900,5700,456.0,23
SO00495,1,2023-01-05,3,12,3,1020,3060,244.8,16
SO00496,1,2023-08-07,45,42,1,1220,1220,97.60000000000001,38
SO00497,1,2023-08-26,12,87,3,1886,5658,452.64,44
SO00498,1,2023-11-01,36,100,3,1675,5025,402.0,41
SO00499,1,2023-05-17,29,42,1,1852,1852,148.16,14
SO00500,1,2023-10-09,28,112,2,854,1708,136.64000000000001,23
SO00501,1,2023-11-12,20,174,1,1046,1046,83.68,36
SO00502,1,2023-08-11,17,112,3,706,2118,169.44,50
SO00503,1,2023-07-22,3,143,3,1663,4989,399.12,35
SO00504,1,2023-01-26,50,129,1,1538,1538,123.04,38
SO00505,1,2023-02-19,13,157,3,1563,4689,375.12,31
SO00506,1,2023-04-01,28,171,1,726,726,58.08,29
SO00507,1,2023-10-24,43,114,1,540,540,43.2,37
SO00508,1,2023-03-19,21,191,1,751,751,60.08,27
SO00509,1,2023-03-12,4,123,2,1360,2720,217.6,50
SO00510,1,2023-06-20,41,84,1,1360,1360,108.8,20
SO00511,1,2023-05-17,24,60,3,1443,4329,346.32,24
SO00512,1,2023-10-02,21,20,1,1218,1218,97.44,34
SO00513,1,2023-10-19,31,197,2,876,1752,140.16,36
SO00514,1,2023-07-30,6,186,3,732,2196,175.68,24
SO00515,1,2023-05-01,3,41,3,558,1674,133.92000000000002,10
SO00516,1,2023-05-18,50,39,1,590,590,47.2,46
SO00517,1,2023-02-28,38,28,1,1997,1997,159.76,22
SO00518,1,2023-01-29,50,179,1,1757,1757,140.56,35
SO00519,1,2023-08-09,7,5,2,1407,2814,225.12,42
SO00520,1,2023-09-21,7,48,3,755,2265,181.20000000000002,17
SO00521,1,2023-04-07,36,82,1,816,816,65.28,42
SO00522,1,2023-05-26,35,47,1,1550,1550,124.0,43
SO00523,1,2023-06-23,1,83,3,593,1779,142.32,22
SO00524,1,2023-06-06,32,153,2,1663,3326,266.08,42
SO00525,1,2023-06-16,31,129,2,571,1142,91.36,29
SO00526,1,2023-01-28,26,28,1,525,525,42.0,45
SO00527,1,2023-06-03,3,66,3,543,1629,130.32,24
SO00528,1,2023-01-17,12,181,2,540,1080,86.4,36
SO00529,1,2023-12-08,19,183,2,804,1608,128.64000000000001,29
SO00530,1,2023-06-05,49,189,1,557,557,44.56,41
SO00531,1,2023-01-31,23,97,3,650,1950,156.0,50
SO00532,1,2023-03-18,10,67,2,708,1416,113.28,27
SO00533,1,2023-04-29,46,157,1,1982,1982,158.56,23
SO00534,1,2023-07-03,3,12,3,1118,3354,268.32,28
SO00535,1,2023-04-15,22,79,3,1252,3756,300.48,41
SO00536,1,2023-06-11,28,181,3,1230,3690,295.2,41
SO00537,1,2023-10-14,38,16,2,686,1372,109.76,42
SO00538,1,2023-05-18,36,96,2,1321,2642,211.36,39
SO00539,1,2023-09-24,47,123,2,889,1778,142.24,16
SO00540,1,2023-02-14,16,73,2,1331,2662,212.96,49
SO00541,1,2023-10-08,47,100,1,1826,1826,146.08,46
SO00542,1,2023-03-13,48,190,3,1996,5988,479.04,13
SO00543,1,2023-10-10,17,159,3,713,2139,171.12,21
SO00544,1,2023-06-25,50,173,1,1935,1935,154.8,40
SO00545,1,2023-11-09,15,70,1,1074,1074,85.92,50
SO00546,1,2023-07-09,46,16,1,1383,1383,110.64,18
SO00547,1,2023-04-16,25,66,1,1606,1606,128.48,32
SO00548,1,2023-10-20,19,145,2,1674,3348,267.84000000000003,29
SO00549,1,2023-04-08,37,19,1,1493,1493,119.44,25
SO00550,1,2023-01-20,9,68,2,1395,2790,223.20000000000002,46
SO00551,1,2023-11-14,41,36,1,1461,1461,116.88,10
SO00552,1,2023-01-22,47,79,2,1950,3900,312.0,18
SO00553,1,2023-05-15,5,6,3,1252,3756,300.48,13
SO00554,1,2023-07-02,4,167,2,1653,3306,264.48,37
SO00555,1,2023-07-08,26,83,2,926,1852,148.16,39
SO00556,1,2023-09-30,4,82,3,924,2772,221.76,18
SO00557,1,2023-01-09,27,5,3,997,2991,239.28,10
SO00558,1,2023-06-01,35,138,2,1510,3020,241.6,26
SO00559,1,2023-03-29,36,138,1,1884,1884,150.72,39
SO00560,1,2023-09-26,1,196,2,613,1226,98.08,49
SO00561,1,2023-08-02,4,28,2,1818,3636,290.88,13
SO00562,1,2023-10-01,27,13,1,543,543,43.44,11
SO00563,1,2023-05-29,33,184,2,1091,2182,174.56,36
SO00564,1,2023-07-22,35,158,3,1561,4683,374.64,14
SO00565,1,2023-08-14,25,143,1,1289,1289,103.12,29
SO00566,1,2023-11-24,28,35,2,2000,4000,320.0,10
SO00567,1,2023-07-05,24,127,1,1136,1136,90.88,42
SO00568,1,2023-09-13,45,71,1,1532,1532,122.56,33
SO00569,1,2023-12-03,28,180,3,1919,5757,460.56,40
SO00570,1,2023-05-01,14,43,1,529,529,42.32,33
SO00571,1,2023-11-24,36,160,3,1105,3315,265.2,31
SO00572,1,2023-01-12,37,139,3,713,2139,171.12,41
SO00573,1,2023-06-20,45,155,2,1008,2016,161.28,30
SO00574,1,2023-11-25,43,64,2,1978,3956,316.48,43
SO00575,1,2023-06-20,2,181,1,788,788,63.04,21
SO00576,1,2023-09-08,20,118,2,806,1612,128.96,25
SO00577,1,2023-07-20,23,88,1,1462,1462,116.96000000000001,32
SO00578,1,2023-09-18,43,26,3,1311,3933,314.64,26
SO00579,1,2023-10-23,7,175,1,1433,1433,114.64,46
SO00580,1,2023-09-26,5,20,2,1482,2964,237.12,44
SO00581,1,2023-01-10,20,62,2,1210,2420,193.6,16
SO00582,1,2023-10-05,47,55,3,752,2256,180.48,34
SO00583,1,2023-10-21,12,32,2,1289,2578,206.24,27
SO00584,1,2023-01-04,5,30,3,1141,3423,273.84000000000003,35
SO00585,1,2023-12-09,36,82,1,545,545,43.6,34
SO00586,1,2023-04-29,37,97,3,1485,4455,356.40000000000003,48
SO00587,1,2023-07-14,34,23,1,1716,1716,137.28,22
SO00588,1,2023-05-31,36,189,2,1817,3634,290.72,31
SO00589,1,2023-12-18,33,176,1,1716,1716,137.28,49
SO00590,1,2024-01-01,34,190,1,615,615,49.2,23
SO00591,1,2023-03-06,35,48,3,1262,3786,302.88,34
SO00592,1,2023-06-19,43,196,3,1467,4401,352.08,32
SO00593,1,2023-04-30,32,25,2,1545,3090,247.20000000000002,32
SO00594,1,2023-01-26,41,189,2,1082,2164,173.12,27
SO00595,1,2023-01-30,48,34,3,1329,3987,318.96,13
SO00596,1,2023-07-12,19,101,2,1611,3222,257.76,33
SO00597,1,2023-11-29,37,132,2,982,1964,157.12,26
SO00598,1,2023-12-16,16,25,2,844,1688,135.04,24
SO00599,1,2023-01-24,9,65,1,704,704,56.32,15
SO00600,1,2023-12-31,50,154,1,1375,1375,110.0,16
SO00601,1,2023-06-14,42,117,2,1764,3528,282.24,18
SO00602,1,2023-09-21,21,24,3,1288,3864,309.12,39
SO00603,1,2023-12-30,19,6,3,1377,4131,330.48,17
SO00604,1,2023-03-15,19,167,3,1773,5319,425.52,40
SO00605,1,2023-02-27,2,165,2,1470,2940,235.20000000000002,43
SO00606,1,2023-01-04,41,167,2,1835,3670,293.6,40
SO00607,1,2023-01-29,35,186,2,1153,2306,184.48,20
SO00608,1,2023-09-08,19,75,3,1604,4812,384.96000000000004,29
SO00609,1,2023-11-25,15,93,2,1474,2948,235.84,11
SO00610,1,2023-04-15,43,195,3,867,2601,208.08,30
SO00611,1,2023-09-07,12,16,3,824,2472,197.76,36
SO00612,1,2023-12-14,19,199,2,1742,3484,278.72,44
SO00613,1,2023-12-15,38,30,2,718,1436,114.88,27
SO00614,1,2023-05-31,40,71,3,1176,3528,282.24,41
SO00615,1,2023-05-22,10,178,1,1728,1728,138.24,22
SO00616,1,2023-11-20,34,71,3,1106,3318,265.44,12
SO00617,1,2023-02-26,4,84,1,652,652,52.160000000000004,41
SO00618,1,2023-05-28,21,73,2,1202,2404,192.32,26
SO00619,1,2023-08-21,42,104,3,1329,3987,318.96,47
SO00620,1,2023-04-12,14,23,1,900,900,72.0,12
SO00621,1,2023-09-30,20,28,3,1270,3810,304.8,36
SO00622,1,2023-09-11,32,49,3,735,2205,176.4,20
SO00623,1,2023-04-24,12,38,2,1282,2564,205.12,10
SO00624,1,2023-07-15,27,193,3,1906,5718,457.44,27
SO00625,1,2023-10-09,27,188,3,984,2952,236.16,15
SO00626,1,2023-10-05,44,12,2,773,1546,123.68,20
SO00627,1,2023-03-12,14,184,3,1373,4119,329.52,34
SO00628,1,2023-09-12,47,184,3,1827,5481,438.48,36
SO00629,1,2023-01-14,8,142,1,1360,1360,108.8,21
SO00630,1,2023-06-30,20,14,3,1015,3045,243.6,34
SO00631,1,2023-04-04,5,196,1,622,622,49.76,18
SO00632,1,2023-11-27,22,90,1,1154,1154,92.32000000000001,50
SO00633,1,2023-01-07,37,3,1,927,927,74.16,44
SO00634,1,2023-03-23,32,24,2,1989,3978,318.24,33
SO00635,1,2023-04-29,26,117,2,1344,2688,215.04,38
SO00636,1,2023-11-20,38,190,3,1255,3765,301.2,19
SO00637,1,2023-04-06,18,199,3,597,1791,143.28,38
SO00638,1,2023-04-11,16,70,2,901,1802,144.16,11
SO00639,1,2023-04-24,13,165,1,1111,1111,88.88,46
SO00640,1,2023-10-30,39,32,1,603,603,48.24,42
SO00641,1,2023-09-03,48,155,3,1633,4899,391.92,40
SO00642,1,2023-06-20,27,20,3,1145,3435,274.8,26
SO00643,1,2023-03-25,41,149,1,1660,1660,132.8,21
SO00644,1,2023-07-05,2,154,2,639,1278,102.24000000000001,10
SO00645,1,2023-11-29,29,131,3,746,2238,179.04,48
SO00646,1,2023-07-15,15,140,2,1747,3494,279.52,23
SO00647,1,2023-08-08,31,106,2,743,1486,118.88,21
SO00648,1,2023-10-14,36,7,3,1104,3312,264.96,32
SO00649,1,2023-02-04,24,35,1,1957,1957,156.56,25
SO00650,1,2023-06-16,1,43,1,869,869,69.52,29
SO00651,1,2023-02-23,18,197,3,1677,5031,402.48,35
SO00652,1,2023-01-14,8,97,3,1115,3345,267.6,46
SO00653,1,2023-12-11,6,139,2,1325,2650,212.0,19
SO00654,1,2023-04-28,30,122,3,835,2505,200.4,42
SO00655,1,2023-10-07,46,63,3,1866,5598,447.84000000000003,36
SO00656,1,2023-09-16,18,152,3,1698,5094,407.52,43
SO00657,1,2023-11-08,17,128,1,1852,1852,148.16,27
SO00658,1,2023-11-01,3,118,2,648,1296,103.68,31
SO00659,1,2023-08-20,44,195,1,1024,1024,81.92,26
SO00660,1,2023-01-19,44,10,3,1139,3417,273.36,11
SO00661,1,2023-10-11,40,154,2,1991,3982,318.56,43
SO00662,1,2023-01-05,2,79,2,746,1492,119.36,10
SO00663,1,2023-08-15,49,164,1,674,674,53.92,40
SO00664,1,2023-12-12,47,158,2,1169,2338,187.04,33
SO00665,1,2023-10-27,47,84,1,1513,1513,121.04,35
SO00666,1,2023-10-31,40,79,1,1761,1761,140.88,17
SO00667,1,2023-11-30,49,135,2,1719,3438,275.04,26
SO00668,1,2023-06-15,29,54,2,1330,2660,212.8,13
SO00669,1,2023-09-16,19,87,3,624,1872,149.76,50
SO00670,1,2023-04-29,9,35,2,562,1124,89.92,27
SO00671,1,2023-12-22,24,56,1,1201,1201,96.08,30
SO00672,1,2023-06-27,37,32,1,1508,1508,120.64,44
SO00673,1,2023-07-31,33,88,2,738,1476,118.08,44
SO00674,1,2023-01-13,36,25,3,731,2193,175.44,49
SO00675,1,2023-01-17,34,117,3,1993,5979,478.32,17
SO00676,1,2023-11-22,13,48,2,1654,3308,264.64,12
SO00677,1,2023-10-02,38,148,1,963,963,77.04,20
SO00678,1,2023-01-01,11,140,1,766,766,61.28,44
SO00679,1,2023-01-12,43,153,2,1348,2696,215.68,35
SO00680,1,2023-09-01,42,59,1,929,929,74.32000000000001,22
SO00681,1,2023-10-25,17,87,2,1974,3948,315.84000000000003,44
SO00682,1,2023-10-17,16,93,1,1415,1415,113.2,12
SO00683,1,2023-09-27,32,63,2,1450,2900,232.0,29
SO00684,1,2023-05-16,20,149,3,1083,3249,259.92,42
SO00685,1,2023-10-14,12,176,1,823,823,65.84,31
SO00686,1,2023-02-24,24,62,1,517,517,41.36,15
SO00687,1,2023-08-26,12,123,3,1489,4467,357.36,45
SO00688,1,2023-01-14,42,15,1,609,609,48.72,37
SO00689,1,2023-06-29,17,151,3,1104,3312,264.96,14
SO00690,1,2023-09-11,43,101,2,1522,3044,243.52,21
SO00691,1,2023-07-08,19,115,3,836,2508,200.64000000000001,46
SO00692,1,2023-11-15,48,95,1,1343,1343,107.44,25
SO00693,1,2023-07-26,35,179,2,1153,2306,184.48,21
SO00694,1,2023-01-17,48,38,1,1696,1696,135.68,19
SO00695,1,2023-07-06,35,158,3,1080,3240,259.2,36
SO00696,1,2023-09-30,39,20,1,1141,1141,91.28,16
SO00697,1,2023-11-03,8,105,2,1085,2170,173.6,28
SO00698,1,2023-03-08,9,175,1,657,657,52.56,45
SO00699,1,2023-06-30,2,135,1,837,837,66.96000000000001,17
SO00700,1,2023-07-22,13,176,3,1595,4785,382.8,38
SO00701,1,2023-10-07,44,184,3,988,2964,237.12,46
SO00702,1,2023-12-30,24,22,2,1658,3316,265.28000000000003,25
SO00703,1,2023-11-22,38,39,3,1681,5043,403.44,18
SO00704,1,2023-07-05,47,2,3,1576,4728,378.24,42
SO00705,1,2023-06-22,35,53,3,763,2289,183.12,22
SO00706,1,2023-06-26,44,82,1,1807,1807,144.56,42
SO00707,1,2023-09-22,17,152,1,749,749,59.92,13
SO00708,1,2023-01-07,24,16,3,1247,3741,299.28000000000003,42
SO00709,1,2023-08-15,33,87,3,794,2382,190.56,42
SO00710,1,2023-07-15,4,34,2,570,1140,91.2,46
SO00711,1,2023-10-13,30,135,3,751,2253,180.24,30
SO00712,1,2023-02-10,13,94,2,1358,2716,217.28,38
SO00713,1,2023-10-13,2,142,2,1967,3934,314.72,10
SO00714,1,2023-09-18,7,181,3,1360,4080,326.40000000000003,22
SO00715,1,2023-04-14,3,67,1,973,973,77.84,41
SO00716,1,2023-07-22,29,175,3,943,2829,226.32,33
SO00717,1,2023-11-18,18,195,1,1410,1410,112.8,10
SO00718,1,2023-12-18,16,123,2,737,1474,117.92,40
SO00719,1,2023-05-26,3,153,3,1318,3954,316.32,43
SO00720,1,2023-04-12,14,30,2,1120,2240,179.20000000000002,18
SO00721,1,2023-05-29,42,150,1,732,732,58.56,46
SO00722,1,2023-05-04,20,177,2,1310,2620,209.6,34
SO00723,1,2023-04-08,11,32,3,1719,5157,412.56,45
SO00724,1,2023-10-20,12,112,3,1246,3738,299.04,43
SO00725,1,2023-04-14,25,158,1,1782,1782,142.56,13
SO00726,1,2023-08-16,36,27,3,1623,4869,389.52,27
SO00727,1,2023-11-13,38,20,2,1656,3312,264.96,50
SO00728,1,2023-07-26,20,1,1,1409,1409,112.72,11
SO00729,1,2023-12-26,11,82,1,1756,1756,140.48,50
SO00730,1,2023-05-25,50,18,1,1014,1014,81.12,24
SO00731,1,2023-06-08,1,199,3,821,2463,197.04,38
SO00732,1,2023-05-22,5,89,1,1494,1494,119.52,39
SO00733,1,2023-04-12,5,122,1,674,674,53.92,40
SO00734,1,2023-12-08,4,147,1,1180,1180,94.4,42
SO00735,1,2023-05-02,37,129,2,973,1946,155.68,22
SO00736,1,2023-02-11,43,175,2,2000,4000,320.0,33
SO00737,1,2023-07-10,4,49,3,1455,4365,349.2,44
SO00738,1,2023-03-20,34,8,2,1160,2320,185.6,50
SO00739,1,2023-09-22,49,181,2,1347,2694,215.52,41
SO00740,1,2023-05-30,20,49,2,540,1080,86.4,48
SO00741,1,2023-12-23,41,4,1,741,741,59.28,10
SO00742,1,2023-10-23,35,107,2,1367,2734,218.72,16
SO00743,1,2023-02-01,46,191,1,1198,1198,95.84,33
SO00744,1,2023-11-20,16,43,3,1203,3609,288.72,14
SO00745,1,2023-04-23,25,198,1,1755,1755,140.4,18
SO00746,1,2023-06-27,50,140,2,1785,3570,285.6,38
SO00747,1,2023-11-02,43,53,3,1556,4668,373.44,23
SO00748,1,2023-05-06,33,51,2,1972,3944,315.52,16
SO00749,1,2023-09-05,44,110,2,661,1322,105.76,18
SO00750,1,2023-02-10,15,152,2,1931,3862,308.96,10
SO00751,1,2023-12-03,47,22,1,1603,1603,128.24,33
SO00752,1,2023-07-30,36,66,1,507,507,40.56,12
SO00753,1,2023-11-09,8,184,1,1967,1967,157.36,36
SO00754,1,2023-03-24,29,156,1,766,766,61.28,28
SO00755,1,2023-06-13,30,108,3,707,2121,169.68,14
SO00756,1,2023-06-25,25,60,3,1805,5415,433.2,23
SO00757,1,2023-09-16,13,185,2,1623,3246,259.68,20
SO00758,1,2023-04-06,5,158,1,1844,1844,147.52,50
SO00759,1,2023-04-02,21,119,3,1620,4860,388.8,19
SO00760,1,2023-07-11,5,81,3,534,1602,128.16,35
SO00761,1,2023-01-29,21,153,1,1872,1872,149.76,33
SO00762,1,2023-09-21,6,107,2,1487,2974,237.92000000000002,33
SO00763,1,2023-07-27,7,99,1,1232,1232,98.56,25
SO00764,1,2023-06-26,4,62,3,609,1827,146.16,20
SO00765,1,2023-09-16,50,124,1,1608,1608,128.64000000000001,31
SO00766,1,2023-08-19,20,107,1,861,861,68.88,18
SO00767,1,2023-06-23,39,25,1,1937,1937,154.96,11
SO00768,1,2023-02-03,47,164,1,598,598,47.84,49
SO00769,1,2023-04-15,19,170,1,1111,1111,88.88,13
SO00770,1,2023-10-27,16,112,2,674,1348,107.84,34
SO00771,1,2023-04-12,19,57,2,1689,3378,270.24,47
SO00772,1,2023-11-27,43,193,3,1037,3111,248.88,24
SO00773,1,2023-10-13,8,141,1,1724,1724,137.92000000000002,34
SO00774,1,2023-09-14,11,114,1,1076,1076,86.08,12
SO00775,1,2023-10-19,29,120,1,1588,1588,127.04,42
SO00776,1,2023-09-23,45,64,3,592,1776,142.08,15
SO00777,1,2023-05-18,20,103,2,1123,2246,179.68,46
SO00778,1,2023-03-29,11,159,2,1962,3924,313.92,18
SO00779,1,2023-02-15,6,138,1,1733,1733,138.64000000000001,15
SO00780,1,2023-02-16,45,110,2,1667,3334,266.72,32
SO00781,1,2023-07-23,15,42,2,1994,3988,319.04,19
SO00782,1,2023-06-21,28,63,1,642,642,51.36,25
SO00783,1,2023-04-09,49,51,2,1869,3738,299.04,50
SO00784,1,2023-04-29,46,141,3,1215,3645,291.6,44
SO00785,1,2023-01-12,7,81,3,587,1761,140.88,44
SO00786,1,2023-03-05,31,165,3,1954,5862,468.96000000000004,39
SO00787,1,2023-08-10,30,181,3,978,2934,234.72,34
SO00788,1,2023-12-29,10,22,2,1707,3414,273.12,36
SO00789,1,2023-12-29,6,108,2,733,1466,117.28,16
SO00790,1,2023-05-01,3,104,3,833,2499,199.92000000000002,35
SO00791,1,2023-02-27,26,151,3,1614,4842,387.36,41
SO00792,1,2023-10-02,34,136,2,863,1726,138.08,28
SO00793,1,2023-04-20,50,117,2,504,1008,80.64,44
SO00794,1,2023-05-27,40,17,2,1414,2828,226.24,22
SO00795,1,2023-10-25,22,43,3,933,2799,223.92000000000002,12
SO00796,1,2023-04-18,36,133,3,1539,4617,369.36,28
SO00797,1,2023-07-18,11,63,2,1155,2310,184.8,46
SO00798,1,2023-11-02,45,172,3,1455,4365,349.2,39
SO00799,1,2023-01-11,18,31,1,1772,1772,141.76,32
SO00800,1,2023-12-11,49,97,1,567,567,45.36,27
SO00801,1,2023-04-30,25,183,3,515,1545,123.60000000000001,49
SO00802,1,2023-07-01,14,54,3,1135,3405,272.4,37
SO00803,1,2023-12-14,19,44,1,1458,1458,116.64,11
SO00804,1,2023-02-13,18,25,3,1025,3075,246.0,28
SO00805,1,2023-06-02,15,60,2,1115,2230,178.4,28
SO00806,1,2024-01-01,14,128,3,1215,3645,291.6,40
SO00807,1,2023-04-26,38,29,3,571,1713,137.04,20
SO00808,1,2023-06-20,13,130,3,1133,3399,271.92,45
SO00809,1,2023-04-23,26,72,2,1188,2376,190.08,33
SO00810,1,2023-12-20,25,77,2,1047,2094,167.52,21
SO00811,1,2023-03-16,15,185,2,604,1208,96.64,30
SO00812,1,2023-02-11,6,108,1,1654,1654,132.32,49
SO00813,1,2023-12-05,4,141,1,1844,1844,147.52,40
SO00814,1,2023-04-18,40,82,3,1044,3132,250.56,23
SO00815,1,2023-03-23,39,59,3,1454,4362,348.96,38
SO00816,1,2023-07-19,24,122,1,1674,1674,133.92000000000002,47
SO00817,1,2023-06-18,20,188,2,1092,2184,174.72,22
SO00818,1,2023-04-25,48,104,2,1165,2330,186.4,12
SO00819,1,2023-06-01,35,103,3,1770,5310,424.8,20
SO00820,1,2023-06-14,29,152,2,1052,2104,168.32,34
SO00821,1,2023-03-21,34,47,1,1088,1088,87.04,50
SO00822,1,2023-02-28,40,131,1,1831,1831,146.48,45
SO00823,1,2023-05-17,4,146,1,1096,1096,87.68,13
SO00824,1,2023-03-03,33,47,1,1801,1801,144.08,33
SO00825,1,2023-05-31,19,85,2,960,1920,153.6,30
SO00826,1,2023-11-27,34,171,2,963,1926,154.08,18
SO00827,1,2023-01-16,13,137,1,585,585,46.800000000000004,40
SO00828,1,2023-05-10,50,39,1,1069,1069,85.52,45
SO00829,1,2023-08-04,15,120,3,1665,4995,399.6,32
SO00830,1,2023-01-21,40,50,1,1533,1533,122.64,22
SO00831,1,2023-05-10,11,8,2,921,1842,147.36,48
SO00832,1,2023-12-05,43,77,2,1479,2958,236.64000000000001,29
SO00833,1,2024-01-01,21,144,2,1189,2378,190.24,32
SO00834,1,2023-02-25,5,129,2,716,1432,114.56,22
SO00835,1,2023-09-25,5,16,2,1740,3480,278.40000000000003,21
SO00836,1,2023-01-02,32,130,1,1728,1728,138.24,28
SO00837,1,2023-02-14,6,156,3,680,2040,163.20000000000002,31
SO00838,1,2023-03-05,16,160,3,1695,5085,406.8,48
SO00839,1,2023-04-30,45,190,1,1847,1847,147.76,45
SO00840,1,2023-07-03,48,169,1,1278,1278,102.24000000000001,37
SO00841,1,2023-10-23,9,31,1,624,624,49.92,14
SO00842,1,2023-04-06,47,51,2,921,1842,147.36,30
SO00843,1,2023-10-17,40,178,1,1543,1543,123.44,10
SO00844,1,2023-04-26,32,187,1,1595,1595,127.60000000000001,33
SO00845,1,2023-12-12,26,42,2,729,1458,116.64,23
SO00846,1,2023-06-13,50,113,1,1078,1078,86.24,41
SO00847,1,2023-08-31,6,166,2,607,1214,97.12,22
SO00848,1,2023-04-20,21,142,3,1507,4521,361.68,26
SO00849,1,2023-02-26,40,69,1,1903,1903,152.24,48
SO00850,1,2023-08-28,3,8,3,1741,5223,417.84000000000003,22
SO00851,1,2023-10-12,14,153,3,1909,5727,458.16,24
SO00852,1,2023-08-27,11,36,1,1424,1424,113.92,33
SO00853,1,2023-06-11,9,57,2,953,1906,152.48,15
SO00854,1,2023-04-06,37,60,1,655,655,52.4,30
SO00855,1,2023-01-12,6,24,3,1477,4431,354.48,11
SO00856,1,2023-08-25,4,146,3,555,1665,133.2,44
SO00857,1,2023-04-11,37,92,2,777,1554,124.32000000000001,31
SO00858,1,2023-06-21,49,151,2,1531,3062,244.96,30
SO00859,1,2023-01-19,30,120,2,705,1410,112.8,12
SO00860,1,2023-07-30,18,189,1,960,960,76.8,12
SO00861,1,2023-10-05,6,166,2,1420,2840,227.20000000000002,37
SO00862,1,2023-09-16,49,123,3,1509,4527,362.16,22
SO00863,1,2023-09-30,32,68,2,884,1768,141.44,26
SO00864,1,2023-04-29,2,132,3,1524,4572,365.76,37
SO00865,1,2023-10-31,3,172,1,762,762,60.96,12
SO00866,1,2023-07-29,43,57,1,1146,1146,91.68,22
SO00867,1,2023-07-05,18,70,2,644,1288,103.04,33
SO00868,1,2023-12-30,26,199,1,1449,1449,115.92,47
SO00869,1,2023-10-03,50,8,3,514,1542,123.36,50
SO00870,1,2023-01-11,35,66,3,561,1683,134.64000000000001,25
SO00871,1,2023-12-07,35,175,1,1549,1549,123.92,17
SO00872,1,2023-11-01,36,111,2,996,1992,159.36,12
SO00873,1,2023-04-19,9,83,2,573,1146,91.68,20
SO00874,1,2023-04-26,22,90,2,1887,3774,301.92,40
SO00875,1,2023-02-23,15,59,3,1153,3459,276.72,20
SO00876,1,2023-05-29,14,23,1,1443,1443,115.44,21
SO00877,1,2023-08-12,7,49,3,915,2745,219.6,45
SO00878,1,2023-11-19,9,186,3,1483,4449,355.92,33
SO00879,1,2023-05-13,11,99,1,1622,1622,129.76,35
SO00880,1,2023-02-26,3,139,1,1678,1678,134.24,48
SO00881,1,2023-09-22,18,185,2,1203,2406,192.48000000000002,36
SO00882,1,2023-09-14,26,92,1,1865,1865,149.20000000000002,25
SO00883,1,2023-05-04,5,174,3,722,2166,173.28,48
SO00884,1,2023-05-05,11,26,2,516,1032,82.56,48
SO00885,1,2023-08-17,40,115,3,954,2862,228.96,38
SO00886,1,2023-02-16,41,115,2,1489,2978,238.24,21
SO00887,1,2023-01-12,28,95,1,1306,1306,104.48,25
SO00888,1,2023-12-06,44,24,1,1416,1416,113.28,46
SO00889,1,2023-05-04,29,183,3,1675,5025,402.0,45
SO00890,1,2023-04-22,11,117,3,602,1806,144.48,37
SO00891,1,2023-08-30,37,174,1,1957,1957,156.56,25
SO00892,1,2023-11-14,28,106,1,695,695,55.6,26
SO00893,1,2023-05-03,44,7,2,1732,3464,277.12,25
SO00894,1,2023-03-03,39,101,3,1300,3900,312.0,41
SO00895,1,2023-08-19,16,116,2,1182,2364,189.12,34
SO00896,1,2023-01-01,28,89,3,1238,3714,297.12,10
SO00897,1,2023-01-26,37,128,1,1830,1830,146.4,27
SO00898,1,2023-04-12,28,58,2,1468,2936,234.88,38
SO00899,1,2023-04-07,44,121,2,1440,2880,230.4,11
SO00900,1,2023-06-13,46,137,2,1610,3220,257.6,35
SO00901,1,2023-10-20,32,88,3,587,1761,140.88,41
SO00902,1,2023-01-06,44,68,1,1210,1210,96.8,29
SO00903,1,2023-03-28,2,168,1,716,716,57.28,13
SO00904,1,2023-06-25,19,40,3,1792,5376,430.08,33
SO00905,1,2023-10-06,36,26,1,1559,1559,124.72,45
SO00906,1,2023-07-09,3,180,2,1422,2844,227.52,24
SO00907,1,2023-08-13,7,126,3,1737,5211,416.88,28
SO00908,1,2023-09-18,2,91,3,1916,5748,459.84000000000003,50
SO00909,1,2023-07-01,8,8,3,1259,3777,302.16,33
SO00910,1,2023-12-06,23,145,2,1898,3796,303.68,34
SO00911,1,2023-02-06,19,85,3,900,2700,216.0,39
SO00912,1,2023-08-18,21,80,1,1502,1502,120.16,23
SO00913,1,2024-01-01,47,118,1,686,686,54.88,21
SO00914,1,2023-06-16,45,164,1,596,596,47.68,48
SO00915,1,2023-10-21,3,170,2,1195,2390,191.20000000000002,14
SO00916,1,2023-01-19,26,197,3,1845,5535,442.8,47
SO00917,1,2023-11-21,8,88,1,1206,1206,96.48,22
SO00918,1,2023-06-17,12,80,1,1235,1235,98.8,17
SO00919,1,2023-12-15,30,193,1,1918,1918,153.44,25
SO00920,1,2023-06-04,21,139,1,1779,1779,142.32,22
SO00921,1,2023-01-09,43,19,2,1563,3126,250.08,26
SO00922,1,2023-07-22,28,73,3,697,2091,167.28,17
SO00923,1,2023-02-18,44,122,3,592,1776,142.08,37
SO00924,1,2023-07-22,39,104,3,1188,3564,285.12,13
SO00925,1,2023-11-19,1,78,1,853,853,68.24,29
SO00926,1,2023-03-11,30,44,1,1533,1533,122.64,50
SO00927,1,2023-05-13,44,119,2,1617,3234,258.72,46
SO00928,1,2023-06-06,41,174,3,1836,5508,440.64,33
SO00929,1,2023-09-02,28,70,3,994,2982,238.56,25
SO00930,1,2023-04-12,11,73,3,956,2868,229.44,50
SO00931,1,2023-09-26,29,84,2,1845,3690,295.2,49
SO00932,1,2024-01-01,34,14,2,1417,2834,226.72,45
SO00933,1,2023-07-11,36,189,1,1929,1929,154.32,28
SO00934,1,2023-05-04,5,41,2,527,1054,84.32000000000001,42
SO00935,1,2023-05-04,37,129,1,1951,1951,156.08,27
SO00936,1,2023-08-05,25,19,3,797,2391,191.28,24
SO00937,1,2023-01-17,20,161,3,1775,5325,426.0,45
SO00938,1,2023-01-11,46,199,3,1317,3951,316.08,17
SO00939,1,2023-08-25,19,120,3,1773,5319,425.52,49
SO00940,1,2023-02-17,16,115,2,1974,3948,315.84000000000003,25
SO00941,1,2023-04-22,5,20,1,842,842,67.36,11
SO00942,1,2023-01-13,28,129,3,1864,5592,447.36,42
SO00943,1,2023-01-01,2,137,3,1011,3033,242.64000000000001,27
SO00944,1,2023-05-14,41,148,2,886,1772,141.76,36
SO00945,1,2023-06-29,1,80,1,1114,1114,89.12,28
SO00946,1,2023-11-04,37,171,2,1752,3504,280.32,26
SO00947,1,2023-12-19,40,56,3,1642,4926,394.08,48
SO00948,1,2023-08-19,38,156,2,1421,2842,227.36,44
SO00949,1,2023-03-30,32,80,1,1640,1640,131.2,32
SO00950,1,2023-06-22,42,34,3,1642,4926,394.08,14
SO00951,1,2023-02-06,13,172,1,1217,1217,97.36,14
SO00952,1,2023-05-20,36,63,1,1340,1340,107.2,35
SO00953,1,2023-02-15,19,83,1,1894,1894,151.52,49
SO00954,1,2023-05-13,32,162,1,844,844,67.52,33
SO00955,1,2023-09-28,6,146,3,1036,3108,248.64000000000001,10
SO00956,1,2023-11-17,45,7,3,1119,3357,268.56,45
SO00957,1,2023-10-27,18,162,3,1952,5856,468.48,10
SO00958,1,2023-10-15,29,107,3,1515,4545,363.6,50
SO00959,1,2023-12-06,11,59,2,1960,3920,313.6,47
SO00960,1,2023-05-12,42,178,2,537,1074,85.92,48
SO00961,1,2023-12-08,42,28,3,659,1977,158.16,34
SO00962,1,2023-08-22,32,198,2,1282,2564,205.12,42
SO00963,1,2023-11-29,13,108,3,1719,5157,412.56,15
SO00964,1,2023-10-14,18,166,2,1135,2270,181.6,19
SO00965,1,2023-04-03,14,181,2,1173,2346,187.68,20
SO00966,1,2023-05-25,17,131,1,941,941,75.28,46
SO00967,1,2023-02-01,24,138,2,1857,3714,297.12,10
SO00968,1,2023-11-10,1,58,1,969,969,77.52,31
SO00969,1,2023-10-23,26,134,1,1134,1134,90.72,20
SO00970,1,2023-11-03,17,111,3,567,1701,136.08,10
SO00971,1,2023-01-03,48,161,1,1880,1880,150.4,48
SO00972,1,2023-12-30,30,142,3,1953,5859,468.72,21
SO00973,1,2023-06-12,46,199,2,1979,3958,316.64,18
SO00974,1,2023-04-29,23,186,2,566,1132,90.56,16
SO00975,1,2023-05-31,33,82,1,1720,1720,137.6,34
SO00976,1,2023-04-24,10,20,2,1137,2274,181.92000000000002,11
SO00977,1,2023-10-08,6,50,1,1150,1150,92.0,25
SO00978,1,2023-10-14,29,172,3,725,2175,174.0,25
SO00979,1,2023-10-12,25,3,3,827,2481,198.48000000000002,11
SO00980,1,2023-04-28,45,17,2,1656,3312,264.96,42
SO00981,1,2023-10-23,3,36,1,1365,1365,109.2,46
SO00982,1,2023-05-23,46,50,1,822,822,65.76,35
SO00983,1,2023-06-17,20,176,1,1679,1679,134.32,30
SO00984,1,2023-09-24,33,128,2,1550,3100,248.0,38
SO00985,1,2023-05-01,15,27,2,1473,2946,235.68,39
SO00986,1,2023-08-23,22,64,2,1411,2822,225.76,20
SO00987,1,2023-06-18,36,197,2,686,1372,109.76,49
SO00988,1,2023-04-30,5,184,1,800,800,64.0,44
SO00989,1,2023-02-01,12,56,1,1706,1706,136.48,35
SO00990,1,2023-03-06,41,17,3,1792,5376,430.08,34
SO00991,1,2023-08-20,49,184,3,1799,5397,431.76,33
SO00992,1,2023-11-13,23,38,2,825,1650,132.0,48
SO00993,1,2023-01-30,20,197,3,1207,3621,289.68,11
SO00994,1,2023-06-08,20,53,3,796,2388,191.04,35
SO00995,1,2023-12-02,7,199,1,1879,1879,150.32,19
SO00996,1,2023-04-16,13,160,1,1888,1888,151.04,32
SO00997,1,2023-06-29,24,129,2,961,1922,153.76,11
SO00998,1,2023-08-18,21,181,1,743,743,59.44,10
SO00999,1,2023-09-07,16,169,2,1963,3926,314.08,16
SO01000,1,2023-12-03,2,52,2,1500,3000,240.0,19
